{"650381810437586954":{"ZlggUgz23jhsk6bi":{"icon":null,"name":"sads","owner":"650381810437586954","members":2,"createdAt":"2020-01-21T10:56:51.060Z","roles":[{"name":"test  boat nigga","color":0,"hoist":false,"permissions":8,"mentionable":false,"position":1}],"channels":[{"type":"category","name":"Metin Kanalları","postion":2},{"type":"category","name":"Ses Kanalları","postion":1},{"type":"text","name":"genel","postion":0,"parent":"Metin Kanalları"},{"type":"voice","name":"Genel","postion":0,"parent":"Ses Kanalları"}]},"DxkViYcBkjUq2OIT":{"icon":null,"name":"Legit Nitro!","owner":"650381810437586954","members":4,"createdAt":"2020-01-11T10:16:41.659Z","roles":[{"name":"InviteManager","color":0,"hoist":false,"permissions":473001199,"mentionable":false,"position":1},{"name":"Guard Bot","color":0,"hoist":false,"permissions":8,"mentionable":false,"position":1},{"name":"test  boat nigga","color":0,"hoist":false,"permissions":8,"mentionable":false,"position":1},{"name":"MC-AT","color":0,"hoist":false,"permissions":8,"mentionable":false,"position":2},{"name":"†","color":0,"hoist":false,"permissions":37215817,"mentionable":false,"position":3},{"name":"Alvin's","color":3343878,"hoist":true,"permissions":37215809,"mentionable":false,"position":4},{"name":"new role","color":0,"hoist":true,"permissions":104324681,"mentionable":true,"position":5}],"channels":[{"type":"category","name":"Main","postion":0},{"type":"voice","name":"Toplam Üye • 822","postion":0,"parent":"Cenix Bot • Sunucu Panel"},{"type":"voice","name":"Aktif Üye • 58","postion":1,"parent":"Cenix Bot • Sunucu Panel"},{"type":"category","name":"Cenix Bot • Sunucu Panel","postion":1},{"type":"category","name":"My Ass/Boobs/Pussy/Videos 💝","postion":2},{"type":"voice","name":"Botlar • 4","postion":2,"parent":"Cenix Bot • Sunucu Panel"},{"type":"voice","name":"Rekor Aktiflik • 58","postion":3,"parent":"Cenix Bot • Sunucu Panel"},{"type":"text","name":"duyurular","postion":3,"parent":"Main"},{"type":"text","name":"invites","postion":4,"parent":"Main"},{"type":"text","name":"yetkili","postion":5,"parent":"Main"},{"type":"text","name":"gifs","postion":6,"parent":"Main"},{"type":"text","name":"proofs","postion":7,"parent":"Main"},{"type":"text","name":"drop","postion":8,"parent":"Main"},{"type":"text","name":"nitro-rewards","postion":9,"parent":"Main"},{"type":"text","name":"boost-rewards","postion":10,"parent":"My Ass/Boobs/Pussy/Videos 💝"},{"type":"text","name":"free-nudes","postion":11,"parent":"My Ass/Boobs/Pussy/Videos 💝"},{"type":"text","name":"bio","postion":12,"parent":"My Ass/Boobs/Pussy/Videos 💝"},{"type":"text","name":"nude-rewards","postion":13,"parent":"My Ass/Boobs/Pussy/Videos 💝"},{"type":"text","name":"video","postion":14,"parent":"My Ass/Boobs/Pussy/Videos 💝"},{"type":"text","name":"photos","postion":15,"parent":"My Ass/Boobs/Pussy/Videos 💝"},{"type":"text","name":"pussy","postion":16,"parent":"My Ass/Boobs/Pussy/Videos 💝"},{"type":"text","name":"ass","postion":17,"parent":"My Ass/Boobs/Pussy/Videos 💝"},{"type":"text","name":"boobs","postion":18,"parent":"My Ass/Boobs/Pussy/Videos 💝"},{"type":"text","name":"channel-spoiler","postion":19,"parent":"My Ass/Boobs/Pussy/Videos 💝"}]},"CNOrftlK2AX8JkTz":{"icon":null,"name":"Legit Nitro!","owner":"650381810437586954","members":4,"createdAt":"2020-01-11T10:16:41.659Z","roles":[{"name":"Guard Bot","color":0,"hoist":false,"permissions":8,"mentionable":false,"position":1},{"name":"InviteManager","color":0,"hoist":false,"permissions":473001199,"mentionable":false,"position":2},{"name":"MC-AT","color":0,"hoist":false,"permissions":8,"mentionable":false,"position":3},{"name":"†","color":0,"hoist":false,"permissions":37215817,"mentionable":false,"position":4},{"name":"Alvin's","color":3343878,"hoist":true,"permissions":37215809,"mentionable":false,"position":5},{"name":"new role","color":0,"hoist":true,"permissions":104324681,"mentionable":true,"position":6},{"name":"test  boat nigga","color":0,"hoist":false,"permissions":8,"mentionable":false,"position":7}],"channels":[{"type":"category","name":"Main","postion":0},{"type":"voice","name":"Toplam Üye • 822","postion":0,"parent":"Cenix Bot • Sunucu Panel"},{"type":"voice","name":"Aktif Üye • 58","postion":1,"parent":"Cenix Bot • Sunucu Panel"},{"type":"category","name":"Cenix Bot • Sunucu Panel","postion":1},{"type":"category","name":"My Ass/Boobs/Pussy/Videos 💝","postion":2},{"type":"voice","name":"Botlar • 4","postion":2,"parent":"Cenix Bot • Sunucu Panel"},{"type":"voice","name":"Rekor Aktiflik • 58","postion":3,"parent":"Cenix Bot • Sunucu Panel"},{"type":"text","name":"duyurular","postion":3,"parent":"Main"},{"type":"text","name":"invites","postion":4,"parent":"Main"},{"type":"text","name":"yetkili","postion":5,"parent":"Main"},{"type":"text","name":"gifs","postion":6,"parent":"Main"},{"type":"text","name":"proofs","postion":7,"parent":"Main"},{"type":"text","name":"drop","postion":8,"parent":"Main"},{"type":"text","name":"nitro-rewards","postion":9,"parent":"Main"},{"type":"text","name":"boost-rewards","postion":10,"parent":"My Ass/Boobs/Pussy/Videos 💝"},{"type":"text","name":"free-nudes","postion":11,"parent":"My Ass/Boobs/Pussy/Videos 💝"},{"type":"text","name":"bio","postion":12,"parent":"My Ass/Boobs/Pussy/Videos 💝"},{"type":"text","name":"nude-rewards","postion":13,"parent":"My Ass/Boobs/Pussy/Videos 💝"},{"type":"text","name":"video","postion":14,"parent":"My Ass/Boobs/Pussy/Videos 💝"},{"type":"text","name":"photos","postion":15,"parent":"My Ass/Boobs/Pussy/Videos 💝"},{"type":"text","name":"pussy","postion":16,"parent":"My Ass/Boobs/Pussy/Videos 💝"},{"type":"text","name":"ass","postion":17,"parent":"My Ass/Boobs/Pussy/Videos 💝"},{"type":"text","name":"boobs","postion":18,"parent":"My Ass/Boobs/Pussy/Videos 💝"},{"type":"text","name":"channel-spoiler","postion":19,"parent":"My Ass/Boobs/Pussy/Videos 💝"}]}}}