{
    "bot": {
        "token": "NjU1NDk0NTc3MTAwMjkyMTI0.XhA8mA.5IXcRwkERyUzySe4B7LuL-MjEhI"
    },
    "memerServices": {
        "imgenKey": "",
        "stats": "",
        "endpoints": "",
        "lavalink": "",
        "webhookServer": ""
    },
    "extServices": {
        "giphy": "",
        "boobbot": "",
        "weebsh": "",
        "mashape": "",
        "patreon": "",
        "idiot": ""
    },
    "botlists": [
        {
            "url": "",
            "token": ""
        }
    ]
}