{"469828020786692117":[{"dede":"dedem"}],"548803356592832513":[{"+sunucusahibi":"<@!417668159789596672>"}],"527117313728708620":[{"asd":"asd"}],"556580675822551041":[{"ben kimim ":"{kullanıcı} piç"}],"556120522702716959":[{"ARDACAN":"ARDACAN HERKESDEN ÜSTÜNDÜR XD"}],"444568240274931723":[{"!yoklamaac":"Yoklama Süreniz Açılmıştır"}],"616366777944768586":[{"özel":"özelsin sen xD"}],"613804729457311745":[{"sa":"as"}],"612237316643356675":[{"emircan":"Duydunuzmu biri kralı çağırdı.."}],"614777461565292544":[{"adam":"XEFERES "}],"620703581208707079":[{"lan":":testt:"}],"619563529170583602":[{"s":"Sel"}],"622471456235978753":[{"/başvur desteğe":"başvurur"},{" /başvur":" destek başvurusu yapıldı"}],"627616091799158794":[{"S..a":"Aleykümselam dostum"},{"Sa":"Aleykümselam dostum "},{"S.a.":"Aleykümselam dostum "},{"S.a":"Aleykümselam dostum "}],"529627709568188416":[{"sa":"Aleyküm Selam, Hoş geldin."}],"595681832435974223":[{"/link":"https://discord.gg/eAnnZm"},{"link":"https://discord.gg/jjjFwAM"},{"provanas":"https://discord.gg/nwgwg3N"},{"procraft":"https://discord.gg/NugJ33Z"}],"632468641371258900":[{"ip":"CamperEB.bth.st"}],"625384479317557268":[{"/procraft":"https://discord.gg/SXYKN3"},{"/ıp":"hayaletturk.aternos.me"},{"bağış":"[https://www.patreon.com/TurkProcraft]"},{"ip":"turkprocraft.aternos.me"}],"646054915327918081":[{"tag":"Emoji Tagımız :    ❃"}],"602935002736361478":[{"!Selam":"Anan "},{"muho":"nee"}],"566639639583129614":[{"Denme":"Ugfyh"}],"565978990288830487":[{"sa":"as"}],"275971438798700544":[{"sa":"Aleyküm Selam canım, Hoşgeldin"}],"646370601396862976":[{"ip":"oyna.cubeturknw.com"}],"569119264041074718":[{"Ela":"Sadece <@!317591195146518528>  ait"}],"656747895864950784":[{"!steam":"https://steamcommunity.com/id/c1n4r/"},{"steam-hg":" https://steamcommunity.com/profiles/76561198969229348"}],"638415181214515221":[{"!!yardım":"deneme"},{"sa":"as"},{"deneme":"sjk"}],"660551330904932352":[{"hack":"https://s4.dosya.tc/server8/8u895g/ULTRA-BYPASSED.rar.html"}],"686067152167370766":[{"!vortex @Elizabeth ":"@Elizabeth es tu novio es siempre lo será "}],"715301303965712444":[{"youtube":"https://www.youtube.com/channel/UCQoYeGiR5x6yHrLDu9garUw?view_as=subscriber"}]}