[{"tip":"category","isim":"Bilgilendirme","parentname":"Yok"},{"tip":"category","isim":"Toplum","parentname":"Yok"},{"tip":"category","isim":"Kayıtlar","parentname":"Yok"},{"tip":"category","isim":"Sesli Kanallar","parentname":"Yok"},{"tip":"text","isim":"kurallar","parentname":"Bilgilendirme"},{"tip":"text","isim":"duyurular","parentname":"Bilgilendirme"},{"tip":"text","isim":"sohbet","parentname":"Toplum"},{"tip":"text","isim":"komut-kullanım","parentname":"Toplum"},{"tip":"text","isim":"gelen-giden","parentname":"Kayıtlar"},{"tip":"text","isim":"sayaç","parentname":"Kayıtlar"},{"tip":"text","isim":"oto-rol","parentname":"Kayıtlar"},{"tip":"text","isim":"resimli-hoşgeldin","parentname":"Kayıtlar"},{"tip":"text","isim":"moderasyon-kayıtları","parentname":"Kayıtlar"},{"tip":"text","isim":"güvenlik","parentname":"Kayıtlar"},{"tip":"voice","isim":"Sohbet Odası","parentname":"Sesli Kanallar"},{"tip":"voice","isim":"Sohbet Odası - 2","parentname":"Sesli Kanallar"},{"tip":"voice","isim":"Oyun Odası","parentname":"Sesli Kanallar"},{"tip":"voice","isim":"Oyun Odası - 2","parentname":"Sesli Kanallar"}]
